Timestamp,1,10,56,137,250,42161,43114,Total Volume,Partner Revenue,Protocol Revenue
1687305600,37467937.7979,3132282.7518,1323491.8124,6528984.6955,408720.5857,11634118.7653,16730944.3244,77226480.733,19228.44463778125,7444.8925478437495
1687219200,33384216.9622,836272.9487,1797029.3294,4498929.9928,292067.6902,7383449.2008,15960309.9232,64152276.04730001,13846.7637695375,3940.9608652125
1687132800,19146812.2356,737374.8299,585517.2393,3167107.3289,197802.3852,6470370.6703,10685715.202,40990699.8912,3326.3685838437495,1125.43410303125
1687046400,14555603.6978,594369.413,406527.4716,1836189.5539,552258.5036,3132034.6208,1659271.6432,22736254.9039,2791.67294274375,802.4795781312499
1686960000,17019245.3521,692557.302,994672.6752,3262633.412,213582.4317,5420123.0158,1898865.8048,29501679.9936,2663.0571699624993,1047.8809652875002
1686873600,17537163.8159,1918174.1688,580289.8234,4610587.3534,222416.2538,10429253.8871,2919277.1715,38217162.4739,8687.661014225001,2864.1338142750005
1686787200,82071320.5065,3286257.0755,1176713.5081,11067826.9762,520935.3582,11227621.6312,4588038.2397,113938713.29540001,7802.541540425,2197.855760075
1686700800,121390131.8026,1744631.8724,805689.1293,3413885.0302,286967.9169,5977988.0541,5128864.8769,138748158.6824,6294.150522687501,3495.1135510625
1686614400,15692795.0473,576059.9789,1107774.3208,3532343.926,383100.7614,6378530.9266,3887120.8748,31557725.835799996,4954.05025586875,2752.95762750625
1686528000,17816454.3341,567769.3011,1867834.0814,2881922.188,97943.7001,5343283.0116,1428369.1601,30003575.7764,7697.820616693751,2143.32629118125
1686441600,12576865.9653,742197.0126,442489.8704,2982387.4681,150808.667,3248773.2367,1593843.1152,21737365.3353,4494.37323856875,1646.49730680625
1686355200,49280128.6549,2533024.5275,2054088.5007,10225735.0623,488180.5855,9497743.6889,4234748.9039,78313649.92369999,14112.45210230625,7146.84502981875
1686268800,16606694.7624,1764711.6082,717355.1752,2983338.1562,185281.3393,5723245.1763,1905393.8746,29886020.0922,5172.1877539375,1610.9868448125
1686182400,18368358.7219,1850422.7396,842536.8317,2406767.8367,234357.4728,8323216.6755,1854014.093,33879674.3712,3826.52028499375,1216.89372088125
1686096000,11956996.4255,1576558.829,982108.8687,4526833.9787,347966.3764,2511188.3109,2260779.5422,24162432.3314,10150.05778525,4022.48937975
1686009600,15423875.0361,1380606.2791,2727605.7993,4711812.0443,340852.7646,4741417.0117,2889851.3618,32216020.296900004,9022.045401975001,2465.603141525
1685923200,23698740.4514,1172229.4233,1998223.026,3625062.0114,387640.9642,4660952.5341,2171190.0464,37714038.45680001,13384.461186668748,9802917.126544708
1685836800,6516062.5899,540862.2191,863930.5996,2165078.0796,269123.3573,1891299.3674,1984716.769,14231072.981900001,12310.06222315625,2434.16470996875
1685750400,9414041.1193,1063103.8684,1501386.7756,2101935.3179,296862.8492,1840102.0037,1266046.1854,17483478.1195,12333.99273836875,2342.6707950062505
1685664000,16345820.8041,1212570.3276,1316216.6704,2692895.2956,328798.0733,2412199.5936,1338322.3615,25646823.1261,10715.37626753125,2700.53405309375
1685577600,11394025.3771,990941.594,1516674.0367,3231188.0487,1129688.2447,3100726.0338,1525055.3184,22888298.6534,9708.572286643748,3108.9037682312505
1685491200,38538173.7315,1634324.3384,788574.8354,2084262.9877,748441.7874,6775065.8676,2380223.5146,52949067.0626,3725.1950122375,2913.3209845124998
1685404800,12428093.2962,1061293.3271,270429.1649,2548531.6435,630725.2685,2529930.2186,1456700.5368,20925703.4556,1325.00101501875,1215.4916673562502
1685318400,19760906.3028,920000.7255,391498.01,2926539.066,448716.9563,4395321.206,853581.3224,29696563.589,5881.1206999999995,1934.5378
1685232000,18100683.6864,872904.4584,295361.9441,2151163.3858,620507.7343,6136444.1914,1674690.1303,29851755.5307,974.7697000000001,938.7093
1685145600,6965022.5395,395337.8527,425586.7966,1663652.4034,327232.3378,1786188.5573,2641915.142,14204935.629299998,565.0327,575.4377999999999
1685059200,8498601.3008,674534.587,429971.3422,2042109.1819,622040.7507,2793684.1748,1650223.9942,16711165.331600001,1267.9185235625,746.7181276875
1684972800,8050800.4716,987140.5098,260413.9223,2230523.8827,455646.436,3892771.7635,1708832.5053,17586129.4912,2767.0602051250003,1125.210177375
1684886400,11484781.4163,1733222.2333,320879.7878,2749742.5428,943174.6866,3950191.0573,1643367.8188,22825359.5429,5433.794675143751,2259.02718973125
1684800000,65328751.7025,1327932.3263,872449.0094,3778328.2365,158460.8657,3045894.9641,1544035.3363,76055852.44080001,1747.4180912687502,2572.4795161062502
1684713600,12814441.6935,575895.6787,491427.0506,2686446.3629,28509.3242,3514564.2781,2116607.2769,22227891.6649,2525.2618688625003,19175064.957700387
1684627200,6493986.0392,724182.629,512898.7988,2891831.5836,52521.9835,1821853.9383,1124572.0545,13621847.0269,1528.7659900062497,815.95380411875
1684540800,8662102.46,852926.9534,247313.6712,1945560.9508,74782.2278,1195947.0457,2131470.2517,15110103.560600001,730.1770432625,6899589943.71379
1684454400,63345756.7874,1000046.2171,311193.1969,2398195.2528,53176.7922,2206654.95,738079.4486,70053102.645,3175.133027975,537009454.6491755
1684368000,13159640.0605,1872578.2481,479109.2777,3108588.3148,142100.5718,3080026.1826,1783708.7125,23625751.367999997,4633.96482353125,1817.77525709375
1684281600,12636169.753,1448677.2247,417502.1348,2432511.4901,105400.8072,3667434.3898,1203552.3719,21911248.1715,4869.19345469375,3385.31763318125
1684195200,8224233.4353,703379.9628,412901.4099,2656588.263,257331.6409,2701678.3708,867007.3447,15823120.427399999,2591.82290539375,1911.9741244812499
1684108800,11809135.7119,1122383.702,886680.5798,2496415.8032,212475.4585,3407885.0786,1068932.8491,21003909.1831,5400.8519383,1729.3089596999998
1684022400,9100215.8995,693559.9541,253832.0529,2771805.4824,257034.6373,2157698.2053,689562.2707,15923708.502199998,12663.796334212497,2631.0741060375
1683936000,10888929.651,842854.4192,341354.8081,2471049.6329,184252.848,2376003.8057,1101042.6457,18205487.810599998,11046.158458687498,4920.3241750625
1683849600,11987931.3768,1040772.0409,453910.848,4247449.342,503628.908,5740261.0271,2867706.4305,26841659.9733,8461.307444587499,2499.7619431625
1683763200,14622054.8705,1619553.9793,553389.8976,4129905.9396,242779.1115,5855284.8375,3186008.2746,30208976.9106,5098.2149291937485,1741.10862868125
1683676800,14882582.409,742378.6331,2334573.4087,4910582.9023,315509.2832,4476331.5549,2359557.521,30021515.712199997,6540.6649587500015,2001.78891625
1683590400,8431000.8197,1660698.4295,793053.4385,7890226.8153,266837.0616,5251081.9495,1715906.8052,26008805.3193,7450.043465987501,3052.7269057625
1683504000,31173029.5474,1316429.6683,419031.1577,4466909.8113,322560.8529,7932891.0321,4533921.5606,50164773.63029999,4830.692555875,2300.274621625
1683417600,5488992.7631,484637.1306,285549.0524,2718566.5711,517130.7475,3186595.966,1004699.687,13686171.917700002,2661.593193575,977.918045925
1683331200,10111147.4613,806325.935,273718.4081,3418063.4187,389167.5205,6127983.964,1740769.8636,22867176.571200002,9328.407634675,3142.406670825
1683244800,15761237.2709,1418356.0398,395879.4486,4833161.7111,514295.9798,6637778.0877,1562605.8798,31123314.4177,6943.236550168751,6920.511491206251
1683158400,9353296.7763,2156655.6013,518383.9008,6828771.5205,186842.3634,5485629.6548,1387819.6685,25917399.485600002,14302.024268850002,9885.061212149998
1683072000,12284541.6123,991786.3799,1091912.9749,5287706.3379,355516.6309,2905767.0445,1147177.2734,24064408.2538,6566.29091955625,2113.67899756875
1682985600,10246228.4937,831776.9209,909212.776,3590525.6433,552903.62,3227942.7458,981012.7836,20339602.9833,9521.7477532,3869.3156387999993
1682899200,18989916.82,1991042.2357,2366745.7828,4692857.8807,90700.3442,5693706.7356,2336468.3129,36161438.1119,10843.5172380125,6761.401330237501
1682812800,16949192.2924,550389.1232,1459913.6975,3221835.2685,78690.3776,3347499.259,893827.0558,26501347.073999997,8339.861549050001,3084.5603439499996
1682726400,8197849.7015,312415.5564,1102680.82,2696774.74,180090.95,2053993.1849,912252.2401,15456057.1929,11308.485224018752,3688.4520983562497
1682640000,17377918.3212,1021228.7059,2122501.5137,6723903.8963,111347.6721,4814509.6658,2155755.7833,34327165.558299996,11718.9108398125,3429.9151364375
1682553600,50125772.0998,973704.4998,1467087.0623,4547755.8151,111919.9397,6855014.5936,2243745.474,66324999.48429999,13534.949282425001,4059.788338075
1682467200,31028764.9298,1775869.582,1221377.1964,5971923.3459,303578.0186,9170814.2531,3432775.645,52905102.970800005,16567.178923631247,6431.04846299375
1682380800,14551296.2815,999831.6191,1944494.0835,4827803.3804,256915.0099,4671077.5685,1866090.1326,29117508.0755,9900.30934273125,2653.72238989375
1682294400,9632570.0903,837722.3887,516727.849,7453856.0824,91670.5296,5540918.0078,1354004.7356,25427469.683399994,4177.1690946125,1776.5720696375
1682208000,6755013.67,1200369.6215,481655.9036,3004145.3866,444448.4289,6168408.5347,1354117.1894,19408158.734699998,4882.957024368749,1918.25066900625
1682121600,9993823.7625,712747.157,464537.7603,3039173.7248,130747.6757,4669959.2735,1310251.6913,20321241.0451,6328.1994165999995,2409.8700793999997
1682035200,23308158.3371,1652147.836,1008773.9154,5967493.6201,133620.54,8457498.6065,3849263.5528,44376956.40789999,10201.6694864375,3725.2492623125
1681948800,20002549.0069,2503571.3434,612543.9207,4924120.1367,607175.8974,9058500.9903,3609034.726,41317496.021400005,9478.31129640625,3441.9856817187506
1681862400,19019751.7367,2226821.7653,458665.1693,4621401.2728,170470.9562,9570648.4102,3488345.6937,39556105.0042,22598.66655261875,6388.00218575625
1681776000,21215512.4982,1164973.7374,1627404.2486,5418666.2191,321457.1007,10609686.3972,1708818.0282,42066518.229399994,8859.675076824999,3990.263007675
1681689600,15892595.488,1188316.9777,652560.4493,5028343.0642,422197.9821,7142478.996,3215603.5373,33542096.494599998,12326.75050736875,3942.43656600625
1681603200,18793563.5717,1516643.1674,472950.5855,2563036.0141,120865.2867,6984872.3283,3408862.9346,33860793.888299994,12575.9657206375,6748.853280112499
1681516800,22180119.4262,1415540.1309,931228.8884,3335549.0742,221210.2694,6141485.6993,2024077.1456,36249210.633999996,15885.484122731248,8205.43860989375
1681430400,47396559.6988,1749184.7036,1139004.9225,6470957.7364,1627859.5151,23218100.3373,4094444.8318,85696111.7455,24534.53186650625,16743.480217618748
1681344000,41900100.1779,1068904.3519,655764.7105,7456651.6952,454426.5145,15880190.7341,6861538.4994,74277576.6835,13779.686095268751,80684.90855210625
1681257600,16740777.8441,1045083.2361,626451.5334,4025072.5414,122574.4795,9477574.1136,8832718.4416,40870252.1897,14606.03581130625,4208.8963608187505
1681171200,15352131.7144,1297103.096,705743.3457,3852977.0047,289579.5873,7749106.0473,6057173.341,35303814.1364,14649.485023275001,8265.938998225
1681084800,13624807.0957,2305766.7834,1287580.3967,3523439.9024,411180.3503,9294879.1888,1956093.6591,32403747.376399998,10005.68863825,16755.61900675
1680998400,9587486.46,1627368.9197,279573.864,2628215.0298,88175.5102,4753853.4412,401737.7613,19366410.9862,6200.596136781251,4333.4895888437495
1680912000,5018549.7644,1206118.2196,734141.6863,1742293.2719,88476.9624,8121119.4516,1460898.3412,18371597.697400004,6217.79014864375,1661.5735262312498
1680825600,10849704.9361,742758.2025,696611.5716,2541709.4613,96666.8879,4260477.6136,900201.3624,20088130.0354,7456.2835789375,1838.2611198125
1680739200,10537666.3792,1035143.8262,447152.2386,2538191.9252,123967.6041,6312184.7037,858260.7088,21852567.3858,10680.404283200001,2682.1367087999997
1680652800,44464592.0885,1734474.6254,1368536.6054,3885197.6475,230605.6223,10192717.4096,1787907.4376,63664031.43630001,13796.516411662502,24829.7071255875
1680566400,14983670.7868,1435291.0366,1051046.3581,4334820.3085,129301.2279,8168063.0487,935195.2337,31037388.000299998,9145.6160607375,2877.1491460125003
1680480000,15719898.18,772581.1655,1019398.3164,3714142.5987,156360.7969,12187709.7429,1704229.9337,35274320.73410001,9073.324668825,2711.608435675
1680393600,17169440.0341,1536714.5235,645219.6148,2544474.634,97954.4472,9250763.4597,874760.861,32119327.5743,8506.890026725001,2211.1548517749998
1680307200,8127936.2978,844564.7274,509912.4459,2804450.1649,279031.7734,7140073.7991,2337023.5727,22042992.7812,10883.345734618748,2547.3329237562502
1680220800,15988474.9716,1392141.1139,788368.2714,5519125.9022,326937.4923,7565721.7222,2821009.3824,34401778.856,9768.4664985625,3103.4278526875
1680134400,7969148.8329,858875.5206,846185.4168,3939368.6256,125444.5724,15290589.9052,1877640.4574,30907253.330900002,13135.867729337502,3544.2756934125
1680048000,13331642.105,2580123.8383,1664629.9298,5101657.8221,194892.4615,11102568.9961,1274992.5606,35250507.7134,11006.614019462499,2725.5640857875
1679961600,19638137.9262,604296.8427,1709565.7638,4180839.0393,95111.5564,10533340.1064,2980855.4648,39742146.699599996,7734.309015018751,3336.3960673562506
1679875200,13367395.0302,774956.9937,567893.9937,4707417.0449,182550.9932,9508636.0537,2744958.1165,31853808.2259,8273.577316487499,2291.6034852625
1679788800,9269031.9972,684041.6611,445737.6134,3154979.3107,939424.4526,8837760.9413,827460.2411,24158436.217399996,9484.499338275,3145.9384832249993
1679702400,22442217.0291,1044750.9624,375594.4449,3079769.4237,99313.9256,10861903.7641,314904.9915,38218454.5413,16015.0051152375,3610.2082615125
1679616000,16502136.0996,1638205.3532,367722.9568,4287464.8604,130020.5428,22623618.5546,1447446.0788,46996614.446200006,25915.711760062502,10077.1209811875
1679529600,33763651.0189,1480547.7035,375044.2008,5320525.9928,159571.5126,39723614.1516,1120817.8938,81943772.474,31854.066328506247,14902.038175618749
1679443200,49147516.8533,794140.0502,1560424.1184,8577158.1344,335713.5948,10645607.9742,2121817.0548,73182377.7801,34362.214242262504,10054.8041309875
1679356800,26841048.4391,778845.8984,625666.196,5400907.092,119646.3701,10798497.6197,2926815.9189,47491427.5342,17174.2212174,5175.4438266
1679270400,25234730.4567,843514.261,236609.7183,5561726.0645,135959.5241,8184760.4644,1830191.1528,42027491.6418,20636.529574393753,10716.641595481251
1679184000,20868210.4711,926307.1298,238029.748,11704287.7431,156535.9925,10675445.0319,3351748.9443,47920565.06070001,12077.62126458125,4328.29062904375
1679097600,19397292.0513,1305582.9398,596401.8435,6026519.4406,440386.5886,11292474.9213,2950124.6687,42008782.4538,20681.020032281252,6215.598323343749
1679011200,80360033.1724,2225718.7366,500502.9537,8333530.0414,337905.5457,10325801.7588,2652941.639,104736433.8476,25651.726203181257,8302.79100644375
1678924800,38701162.9329,2546579.3775,832763.6617,6059432.4059,568957.5351,15598393.6293,17566383.1189,81873672.6613,16521.62054396875,6055.916225406249
1678838400,51561595.4912,1834830.1946,693550.8194,7854805.7624,140459.3267,9946282.7832,1447502.081,73479026.4585,28860.303222006252,18730.11899211875
1678752000,85953455.3796,4111520.407,727436.3657,9525522.0038,970185.5384,15387757.791,2954589.7007,119630467.18620001,44273.27252117501,15451.036574324999
1678665600,196001973.2777,8774618.8163,1297725.56,16667826.7913,668140.8812,20283173.3614,4906507.7988,248599966.4867,154616.34707060625,35596.29905951874
1678579200,134607038.3608,6699551.1767,857799.7198,9860065.011,669361.6603,9471974.9977,8637037.8827,170802828.809,176789.57042635002,37041.91220464999
1678492800,405627637.4202,11850569.6853,5628138.5199,36936905.8785,2923891.4613,39785248.598,22969588.652,525721980.2152,487660.65764171246,122127.57614853751
1678406400,135014921.4376,7999336.637,6096681.2864,11595516.3099,1014341.3821,8933739.2564,4464045.0367,175118581.34609997,79401.89128255,16622.37292045
1678320000,40596973.8088,1614010.5366,776902.2262,7496983.8224,214689.9763,2885238.7111,25719562.1255,79304361.2069,10779.022262131251,5290.50893449375
1678233600,20056072.3769,741602.3289,596228.6549,5221791.1049,236495.2294,1396169.1608,20944052.2187,49192411.074499995,7581.2107499062495,4351.61833821875
1678147200,33117316.9301,1001628.0978,770181.7599,5501364.508,204458.0466,1694827.2333,29063941.2488,71353717.8245,9826.95144838125,2614.94397324375
1678060800,26861930.2457,560295.8539,321381.7342,3980560.0774,204759.9826,1841098.7586,15611195.8932,49381222.545600004,4417.8480172687505,2131.9092501062496
1677974400,19387389.4877,767266.4442,487982.3977,2759303.9884,177695.7615,1861709.0447,15724217.5102,41165564.6344,5227.10521733125,2267.91689129375
1677888000,9299648.6854,1205860.3252,269409.6808,2770912.0733,186183.2056,1659722.4478,349396.5211,15741132.939199999,13094.950092975001,2980.2045105250004
1677801600,41140749.5288,1240339.1736,764706.9661,4803701.6427,160880.0925,2521975.4093,14884441.1451,65516793.958100006,7182.341158762501,5426.3106044875
1677715200,32112948.8595,1766680.7083,399152.2658,3390207.967,563216.5827,2701390.8407,328665.192,41262262.416,10339.2281348625,2710.1437943875
1677628800,20443602.0639,1518085.7748,414565.8911,4635824.8614,155206.9455,3345023.0732,4639677.7167,35151986.3266,17453.0298518875,4445.5401738625005
1677542400,22529673.3934,1326287.2162,888709.6541,3503874.1074,166775.046,1822446.111,15891460.9172,46129226.4453,15846.523903118752,6647.744865256251
1677456000,23772458.2484,987833.0088,425573.6258,3997556.3268,141085.4418,2417444.8902,17013963.8335,48755915.3753,18947.250760606254,4791.40376951875
1677369600,17044686.3446,672202.2448,360897.6353,3726891.608,107792.5695,1671185.2059,8737262.078,32320917.6861,9164.685877818749,2677.28007255625
1677283200,11710319.2402,829235.0038,406862.9434,4483812.963,161380.0232,2133286.2607,1026529.2853,20751425.7196,11340.130412018749,2826.98719035625
1677196800,25538206.256,2857081.4303,789456.1773,5631741.5893,352099.9649,2617810.0801,748585.0271,38534980.525,29278.061587299995,7146.857750700001
1677110400,19042571.2688,1715901.987,645069.3216,5267592.0658,187539.3674,5026601.8589,6926313.1943,38811589.06380001,27455.616801231252,6394.756841393751
1677024000,33746279.312,1013898.7284,1080007.3151,5945542.4681,215032.5397,3122986.6906,1333433.0815,46457180.1354,19597.475492125002,5948.579310375
1676937600,34964888.9837,1018400.9297,765886.3615,6023942.474,255039.8936,5069826.2827,693634.124,48791619.049200006,24487.52010070625,6383.52353541875
1676851200,28637557.4272,984084.2686,1097892.9887,7638188.131,128414.9279,2993580.4621,2269375.1556,43749093.3611,18691.5116296,4840.5277464
1676764800,26820316.8176,1483448.9618,625065.055,6540826.8324,155574.2924,2408644.4661,4113087.3531,42146963.778400004,17504.39718899375,6542.258356881251
1676678400,139214817.0145,736443.6684,1040450.4336,5717523.515,575467.9153,2000975.9537,434500.5609,149720179.0614,19046.5869211375,5256.309609612499
1676592000,23041047.065,1538643.5127,1005492.1742,9572687.0987,214350.7874,3813795.8031,788122.9895,39974139.430599995,24761.1799695125,12082.972588737499
1676505600,40886043.9152,1302254.1794,1035969.0237,7289605.0488,344842.117,3668577.3985,3778555.0438,58305846.7264,31935.982539406254,11840.925818718752
1676419200,30099465.5055,662142.6818,667816.4139,6727615.021,316938.8151,2962005.6957,1407076.5697,42843060.7027,18387.45576100625,6449.33409311875
1676332800,32116751.034,851780.7426,3573995.5622,5066421.1328,519473.121,1973936.9089,2524846.6752,46627205.1767,15985.269318700002,5362.4025033
1676246400,48659304.3105,1683011.6592,7248025.9281,6575537.8059,644862.1323,2257760.7721,4270846.3588,71339348.96689999,22174.48358378125,5711.09026184375
1676160000,16685575.8717,349665.6518,486619.2641,3315811.9148,258661.343,1197223.1161,2740093.5812,25033650.742699996,11101.809501843749,3066.24316503125
1676073600,20480447.8993,1144095.5716,392781.794,2417875.0129,254367.4928,919843.4249,453048.6655,26062459.861,10950.050249975002,3345.548073525
1675987200,28515222.8178,1429384.1968,641562.5308,4313321.574,382858.6898,2044551.8115,1158651.9811,38485553.6018,17550.34899668125,5239.36992294375
1675900800,33331471.7686,1575229.5047,709565.4225,7060448.2852,256360.9246,2896110.0256,2624912.6337,48454098.564899996,32575.9919827875,10565.7685969625
1675814400,38980422.9994,1197391.9071,712065.355,5738333.0433,293446.8024,2873837.1393,1375592.9183,51171090.1648,20476.312563518746,6753.00872885625
1675728000,30607376.4886,769995.4347,628651.555,3858031.3583,218799.0579,1971336.7627,1915471.2873,39969661.94449999,15248.638715275001,5105.969126225
1675641600,19556475.4818,883646.7113,482083.9808,4656413.6551,238272.4946,1632011.0534,3133073.1558,30581976.5328,8787.794479700002,2865.4461023000003
1675555200,14781963.859,362670.9651,299477.9894,3515836.7837,343134.3629,2210273.2684,1326429.2679,22839786.4964,8517.4498447,2622.7291373000003
1675468800,21484380.3654,671480.2117,493223.432,3900562.0119,394005.589,1954163.0196,1847814.8501,30745629.479700003,9005.81523089375,3234.9602289812497
1675382400,39106183.441,918393.1654,1450442.4963,4641946.4718,611868.6893,2450587.5176,5346967.4002,54526389.1816,10354.5632041,4186.1466419
1675296000,61146941.4831,920109.1781,664247.3675,7938379.8716,539226.1155,2983203.3115,6386818.4239,80578925.75119999,11923.793989331249,4823.6608392937505
1675209600,26153494.1127,637490.9935,337902.3671,7254642.6007,548574.7451,1690297.9186,4627002.2863,41249405.024000004,8626.632912212499,2874.9983080375
1675123200,22165429.3582,246170.946,365975.4988,3233754.3841,446413.9899,690346.3234,3796318.4921,30944408.992499996,17858.551890299997,4304.9254277
1675036800,24907610.0754,200090.1509,1988854.6672,5238804.3513,481315.3089,1434441.3213,2541156.7773,36792272.6523,28725.250980175,7143.444455325
1674950400,12686774.2131,264977.2708,370701.6488,4851688.2997,370582.09,2011125.552,2318559.3331,22874408.4075,35099.475033925,7720.907976575001
1674864000,13915431.7536,330364.4944,263856.4675,4298958.2843,232201.4629,1594558.9173,1266527.0289,21901898.408900004,22713.279857056245,4526.19381006875
1674777600,17100468.4942,635572.993,653100.1278,5635713.0937,287439.609,1175732.4394,1986044.6825,27474071.4396,8733.336640925,3630.6182895750007
1674691200,56442356.2686,1166577.8089,573062.9215,4641503.2825,719869.9483,1720747.9504,1566354.2113,66830472.391499996,16354.270620374999,6722.775427125
1674604800,32581280.8975,1146589.3841,466683.3312,3855078.9924,339420.0091,2066314.09,1556158.463,42011525.1673,13047.001562781252,5322.57272284375
1674518400,23310104.3968,1356261.5769,413514.9848,4126626.2399,346638.6239,1253517.9284,2887555.5599,33694219.3106,9319.98639284375,4640.60903403125
1674432000,20285009.9083,950553.3186,485708.089,4355613.0909,388263.8975,2881229.7732,1453479.0289,30799857.106400006,7231.3114469625,3178.0731082875
1674345600,19595853.6981,486523.7593,534154.3731,4416094.9628,402672.5862,1352888.6992,975697.3043,27763885.383,8196.825440762499,3055.7369424875005
1674259200,21198356.5758,750990.9766,812100.5415,5336700.1936,339707.4706,904035.3943,689072.8667,30030964.0191,24069.15555576875,6423.10982160625
1674172800,24128998.7475,706953.6185,1368575.1786,3820425.7475,262690.5,1044758.1544,1119386.5354,32451788.481899995,15979.81328743125,4381.595927193751
1674086400,19714097.6292,719047.5028,1218443.1436,3796788.576,2303252.3631,1426896.1806,696291.6378,29874817.0331,13907.185090525,3736.287715975
1674000000,29488651.3608,1847128.257,1084910.7353,4496527.3055,238862.8607,1266709.2821,4819301.7757,43242091.5771,10010.836745487499,6702.3317962625
1673913600,23303926.0451,676367.5651,644482.1675,3208963.755,123570.0848,1458690.3957,4806015.3979,34222015.4111,8147.889995375,3228.310052125
1673827200,22196169.5252,427312.4344,536586.4457,5848712.17,340801.9721,1174776.9829,1056429.9885,31580789.5188,6376.446893793749,3205.9034400812498
1673740800,22914532.7309,388364.4703,540319.598,3345843.4589,268143.6657,863143.684,2074526.3441,30394873.9519,5769.1957956375,6327.056305112501
1673654400,28102488.0957,521035.3294,1348192.8257,5249832.7844,334104.6874,1302808.8112,6369765.2465,43228227.7803,13892.8204944,5575.948769600001
1673568000,18220797.0662,275199.5475,480130.2397,3622662.3318,428339.7862,680215.2222,5303697.4575,29011041.6511,7383.045188974999,3036.585574525
1673481600,22804122.934,1073112.1534,1119844.6312,5087308.7172,363417.8963,808513.358,3857116.2389,35113435.929,14840.9679496,6702.3123264
1673395200,18308361.7779,294684.1878,376212.4917,3939929.4998,323786.0311,550341.247,949837.8549,24743153.090200003,4874.8647919375,1364.0395868125001
1673308800,28584870.1084,174152.508,591097.1557,2627158.6636,176825.836,633846.7768,3835851.059,36623802.1075,9502.40465039375,2307.62917948125
1673222400,27751802.82,1185470.0477,426120.2468,3826081.2362,361931.7549,1545938.0025,2800931.8542,37898275.9623,7031.30940071875,2583.84912365625
1673136000,5915331.6822,155918.9135,343686.1406,1822902.2547,100022.2454,734427.368,1478414.9647,10550703.5691,4108.668393250001,984.5376517500001
1673049600,21529515.3864,335211.2298,484727.4171,1049979.6847,112922.5962,319695.3608,1484892.9393,25316944.614300005,11101.114665568748,2098.3640998062497
1672963200,9454588.5479,716794.4696,469617.4796,1882199.3415,140014.2898,953565.7098,3095209.6829,16711989.521099998,6339.434878256249,1635.7741608687502
1672876800,18754804.7551,205609.7489,603846.0711,1628735.7855,223684.6894,735842.9929,2925688.337,25078212.3799,6846.6301559,1821.7057980999998
1672790400,12932856.0228,415707.7154,521307.6475,2658125.5312,172178.9806,1063365.5033,2098155.2274,19861696.628200002,5086.027073737499,1407.8965130124998
1672704000,12864017.8288,140871.3903,349679.9687,2250296.1639,96420.6365,501476.6399,973279.5188,17176042.146900002,3784.1679894749996,942.0219040249999
1672617600,7252581.1249,422971.4561,659772.8027,1755659.1327,77992.621,473046.8543,355346.9079,10997370.8996,7761.901230081249,1751.65099354375
1672531200,9476683.0325,139391.6462,580386.6593,1963989.6163,146905.6097,526150.2017,298328.8355,13131835.6012,4640.7066618,1294.4760462
1672444800,6702403.2589,118020.8215,519587.8927,2267299.4796,289484.4201,2591467.4969,1328679.1824,13816942.552099999,4869.43407198125,1582.7878656437501
1672358400,5082502.4952,182421.4825,394252.1825,2215164.855,164757.3995,682054.8699,1715814.2758,10436967.560400002,6771.2435795374995,2842.0718552125
1672272000,23620941.2865,389017.4922,822975.559,2699753.2306,270508.934,806230.1749,2577890.8327,31187317.509899996,6721.34380384375,1527.4897830312502
1672185600,47683471.04,319141.5829,877611.4196,2585360.0231,172956.5145,771371.579,2068733.0395,54478645.19860001,8081.60176963125,1765.1150769937503
1672099200,36553681.0121,213543.444,429295.3934,1857285.2097,285379.1368,272885.4622,1167547.7424,40779617.4006,4904.13360999375,1192.7434958812498
1672012800,8202924.0812,109495.4693,486779.5319,1465561.1642,232355.1493,315081.2018,473310.8233,11285507.421,7353.03601803125,2167.15293259375
1671926400,4730889.4152,295317.9391,187716.8886,1227569.0611,41994.6129,500039.2675,2016222.8656,8999750.049999999,6463.261911931251,1209.89677269375
1671840000,16593383.7209,134564.0815,322763.6909,1130476.7228,84565.4979,418901.5541,7680043.043,26364698.3111,3721.6775501812494,1541.87737944375
1671753600,11490830.151,347041.3842,368484.0965,1529086.895,178968.0011,418985.249,645402.2741,14978798.0509,10018.5650133375,1871.7465494125001
1671667200,20153360.2248,338325.5192,868766.9995,1828118.3501,306192.6321,805511.4808,1951842.3757,26252117.582200002,8129.449884762499,1953.9289384874999
1671580800,15478582.0569,476366.335,314538.6443,1966162.6597,184753.0513,575974.3516,2910734.6594,21907111.7582,3972.98163356875,976.7707118062501
1671494400,26135896.1382,563710.2093,899932.7041,2498519.0721,78278.6998,645867.1626,2393838.5424,33216042.5285,7695.142851818751,1664.5013385562497
1671408000,15599596.2373,288749.4006,1977922.897,2785666.628,197655.688,689929.6851,2531989.6331,24071510.169099998,16643.88615304375,3342.38458583125
1671321600,6185565.8548,258046.3238,991953.2512,1717903.262,124875.3553,598621.1744,1345109.1188,11222074.3403,6365.128995575,1414.6639639250002
1671235200,12328880.9828,857379.7002,1591794.873,2708766.8578,142113.8009,726074.2946,800372.2673,19155382.7766,10177.700380268749,2487.18936710625
1671148800,24446827.3093,353853.8639,2100845.5818,4861647.8111,162682.74,987163.791,3102369.524,36015390.62109999,12960.26529430625,4363.35425781875
1671062400,15061896.481,627566.7483,1319726.4873,3332121.6765,83234.087,730105.6059,3581466.8406,24736117.9266,8088.586603881251,1913.82574774375
1670976000,34994286.0417,313011.6698,3367209.6619,3727897.6445,116389.5901,750138.091,3097021.163,46365953.861999996,6692.1631262125,1774.6002340374998
1670889600,29465820.3451,711295.6912,3408955.8138,4840856.4444,212595.2937,1129276.4983,2665656.0125,42434456.09900001,11586.90842635,3096.06890465
1670803200,22265730.988,164614.0864,1056311.9237,2916625.666,158463.527,1107242.2511,953042.3922,28622030.834400002,6158.720391762499,1747.5069514875
1670716800,19706212.6899,263453.8297,800283.7064,3854969.7337,475042.6642,301479.0492,874294.6149,26275736.288,8922.968360118752,1857.1860282562502
1670630400,4145156.9685,142613.5547,328835.5941,1876075.4912,98074.8777,924259.2756,1070450.2471,8585466.0089,4318.2133244125,1370.9998278374999
1670544000,9811689.294,458943.9114,364936.9585,4068220.7305,157144.409,354782.3891,1751731.3266,16967449.0191,4431.54106661875,1087.35201175625
1670457600,19529220.1792,332707.8187,614002.4695,2985117.7365,323515.7678,1143470.4517,1498240.3517,26426274.7751,4083.8964862937496,947.91639758125
1670371200,13294713.599,708345.1846,679700.1827,5216266.2255,137559.9035,818150.1017,1263541.177,22118276.373999998,27186.481711806253,5371.975590318751
1670284800,21557786.5399,197607.1215,2540558.9194,3679215.9097,220490.0196,493545.9744,1034387.5297,29723592.0142,7888.7879520625,1686.1358091875
1670198400,14766765.8165,189646.2461,438386.004,2906474.3716,278132.2651,580229.427,783995.072,19943629.2023,6880.142590043751,1640.94706883125
1670112000,7948710.8785,245350.911,560097.4103,3411601.6053,159395.5552,234483.6931,606203.98,13165844.0334,5445.770837943751,1168.19289493125
1670025600,2985408.4157,162181.1548,369715.5139,2729625.7789,192432.6689,1265642.9996,878687.3217,8583693.8535,4345.98143926875,1070.36654810625
1669939200,12063851.1884,284167.0962,1161637.8288,4479876.7339,279514.3144,1183188.807,1267530.9083,20719766.877,7947.05691075,2450.45608425
1669852800,10675144.5951,473812.932,1739465.8823,5290401.9444,334488.414,983857.969,1914043.9973,21411215.734100003,10706.214572831252,2570.2862657937494
1669766400,17108398.0612,1107145.7622,1699279.0625,7222863.8297,319496.9249,1471520.8242,2478412.8177,31407117.2824,6894.054659162499,2402.2719280875
1669680000,24681590.4765,449898.1537,645600.057,3394711.3834,655078.0424,1043520.1107,621530.0395,31491928.2632,8104.33010725625,2449.91697186875
1669593600,19440412.8706,417178.8477,1236687.0365,3481040.3299,218036.9416,639102.4926,972942.2122,26405400.7311,25838.991786549996,5415.37015645
1669507200,53661722.4992,68959.592,1253912.499,2975802.3453,111228.2673,264026.7949,1156765.5011,59492417.498799995,4748.47974428125,2499.7083313437506
1669420800,16752349.0553,202093.3441,522670.7152,3652145.6871,236613.5463,374592.4534,1933718.2611,23674183.062500004,4733.4165835875,1475.8613441625
1669334400,22604140.0258,307532.5499,501223.5005,3690502.6801,211146.2317,468402.9755,3716580.5021,31499528.4656,4662.28325893125,1976.15134569375
1669248000,42776022.3486,515245.3066,888600.3371,4753033.8073,157219.9586,901251.2813,900176.4087,50891549.448199995,8818.62859510625,3259.1041050187496
1669161600,23174910.5004,588975.7013,1826767.9169,4333369.0344,139921.5534,576904.2078,2046180.4048,32687029.319000002,11047.540672562502,3263.0371186875
1669075200,55785064.6081,571481.4406,650579.2666,4799319.7397,124114.5772,1342596.2333,1663256.3857,64936412.2512,14763.862792387501,10687.055063362499
1668988800,17960109.7372,416602.8447,1295212.1514,5791957.3269,145251.2792,2450782.1106,2906653.2814,30966568.731399994,18199.4277968125,4899.1485994375
1668902400,16202534.4165,444659.4044,597588.1405,5029453.9712,185385.5166,1096189.6589,763791.3604,24319602.468500003,8450.951615768752,3070.6534616062495
1668816000,10753882.9469,223719.9138,622566.639,2566697.8537,295888.084,170857.1081,1500611.535,16134224.080500001,6976.404437018749,2619.84506535625
1668729600,17682005.8168,308198.9669,822814.0642,3943517.5508,53095.9999,690788.0776,2170067.263,25670487.739199992,16371.808821718749,3432.2043626562504
1668643200,35495956.6445,458220.9899,1069007.9737,4975831.0848,95358.9242,1031692.353,4717466.7965,47843534.7666,23284.012113318746,7007.6736670562495
1668556800,44956369.2546,1632249.7871,1197820.602,5714869.7812,218545.4013,2642424.4036,3730177.3777,60092456.6075,25967.083884475003,6101.220009024999
1668470400,30031364.0739,396692.4405,1413217.5002,6816836.9284,135670.9067,1763537.0404,2042374.5992,42599693.4893,12619.396105375003,4395.292542124999
1668384000,45070540.2985,803018.3885,1490882.4886,7739660.5623,163966.8624,2342907.653,3852096.706,61463072.959300004,31324.250283781254,9212.353261843751
1668297600,32876455.8525,227006.1621,1349798.6403,7564895.4831,293498.2904,1444110.5472,2144332.4945,45900097.4701,20163.863504800003,5503.3615832
1668211200,49612209.9434,824642.273,2699466.8783,8376183.1353,120583.9042,1155798.1483,2429528.4466,65218412.72910001,36367.57286353125,8571.653617093749
1668124800,52294059.7939,928322.0103,1672657.7171,10593705.9703,449080.0226,1275925.8983,3482634.1882,70696385.6007,24390.5133158,9442.107632199999
1668038400,95207680.7226,2191210.7895,6121172.028,24545309.5651,1391888.5708,5007816.6187,10847537.0955,145312615.3902,96644.59834304373,26784.915995831256
1667952000,136357991.5022,2137870.34,6056154.1735,21809567.5422,855537.3268,4428803.7406,10315815.2786,181961739.9039,58815.63366353749,29055.507911212506
1667865600,56867378.2293,1493131.9953,3844528.6812,22998415.8821,610130.9819,1886659.5903,12787344.3087,100487589.6688,26292.360812281244,15771.47874334375
1667779200,30498586.3325,699738.7087,913400.1377,9853709.9672,449103.0709,449985.044,9326666.2412,52191189.5022,7660.45800504375,3098.05445383125
1667692800,17694408.1379,431244.247,788230.892,6818284.3678,305633.2376,472666.8275,457310.8657,26967778.5755,8504.235843531249,2479.6598370937504
1667606400,25105880.6639,797641.4959,561760.8014,6965299.7485,851688.6368,411043.5334,1799286.8968,36492601.7767,8728.5603911625,2825.0106160874993
1667520000,21709980.2367,1050859.8505,796925.5431,12017875.1702,1622487.1209,917342.5937,2878172.8372,40993643.352299996,13512.113001868749,6128.18004150625
1667433600,18183857.926,1049821.552,1045989.6275,7574934.0126,433003.5378,354136.507,1519160.6311,30160903.794,10947.916090156252,3033.026262968751
1667347200,12315819.8148,339667.185,1159404.2502,7374014.4901,128563.5959,582980.9931,1787462.8621,23687913.1912,11841.722454849998,4142.17048615
1667260800,10512514.862,794647.2278,1449987.2034,4895535.0122,89031.3711,334897.0266,1039225.0327,19115837.735799998,10648.372883762499,2785.8706794874997
1667174400,18611984.6021,1408392.9434,1776730.6135,4643357.2173,136915.0034,778193.6502,1025461.0051,28381035.035,10551.754984131248,2778.63933249375
1667088000,26213561.8392,1185767.8158,725764.3663,5449188.0004,300066.8278,851216.0696,1119599.9575,35845164.876600005,11788.160898250002,3106.40594675
1667001600,13207658.479,351968.5445,774819.9142,6412986.8097,515626.998,371912.246,1239099.5936,22874072.585,10526.609418562502,2762.9898326875
1666915200,24472285.559,757508.9247,617834.9458,7174478.0154,422131.2779,678971.0691,4019281.8408,38142491.632699996,10232.014793374998,4891.488334124999
1666828800,16183795.2206,331264.9586,711187.5556,6762158.5817,472243.7503,433180.999,2831611.131,27725442.196800005,16784.790164093753,4470.331087781249
1666742400,24149468.7482,905663.727,711104.8594,9500057.781,431967.0349,325646.8572,2842142.0062,38866051.0139,12733.1816443,4835.929913700001
1666656000,16686627.5017,703242.7137,1086174.3525,12159448.3501,404995.7205,525121.1711,2037471.5746,33603081.3842,16710.351929825,4842.375634675
1666569600,10840713.2027,686907.8484,701006.6073,7453570.7598,437276.2768,195470.7296,802980.4129,21117925.837500002,6911.03778090625,2287.66806721875
1666483200,11249124.4338,221755.5045,340838.2402,5135712.8126,340652.9017,109892.3145,772164.1985,18170140.4058,4420.534388125,1405.1667743749997
1666396800,10084949.8514,58581.5906,542290.7403,3280592.5747,415108.2579,39138.8159,926958.5218,15347620.352599999,5210.094957293751,1209.6835865812498
1666310400,13801795.0463,390669.9434,831015.5474,5103771.591,413633.8242,205098.3535,1756890.0571,22502874.362900004,5969.2285964375005,2754.5244523124998
1666224000,78436345.4399,149758.7961,373116.8015,3269693.5547,450313.802,84968.658,1264320.7366,84028517.7888,5972.819600068749,1469.45343530625
1666137600,41935779.3364,499518.3161,661051.9187,3561951.0595,630351.4523,82710.0437,1024013.4604,48395375.58710001,5993.31304475,1835.9013902500003
1666051200,19427076.1334,3843922.6922,668948.588,5727078.8456,410095.7843,78788.3197,3965050.9729,34120961.3361,7184.022271325,2124.375383175
1665964800,9860936.1503,142482.9218,595570.1787,5664709.9932,433217.9298,116765.3138,1620368.7675,18434051.255100004,7240.20492820625,2410.4760579187505
1665878400,4151166.3451,274976.4346,577379.4624,4841033.969,403706.8431,28766.0118,248604.5445,10525633.6105,8654.1284666375,1818.2376941125
1665792000,4788140.1708,749050.8986,394193.5827,3931324.153,357739.8613,21533.1862,640138.7798,10882120.6324,5028.11028935,2014.7770216500003
1665705600,14049662.7866,720805.3103,712225.3372,4388216.6528,312957.0637,277461.0338,1683569.755,22144897.9394,8530.563545037501,2609.4039197124994
1665619200,10405609.4364,777700.8868,683026.5527,9232885.991,189000.6879,202293.7452,2603964.8701,24094482.1701,9623.53631433125,3695.00251429375
1665532800,10053228.8323,829615.4268,802275.3009,3834209.0765,348075.7838,90190.1235,2213847.5367,18171442.0805,6408.89789783125,1488.90774079375
1665446400,9328962.5633,228007.6207,623828.4557,5822234.2202,271740.4866,516620.0317,909499.1482,17700892.526400004,6804.97015326875,2536.81897410625
1665360000,11416132.3475,155925.5042,887221.9201,6670086.3662,272850.6194,1199215.5879,2281904.2389,22883336.584200002,5419.18339413125,7569.65562249375
1665273600,6698605.6566,105583.8019,1821147.1635,4791515.5275,188849.9306,103059.4745,1304749.1825,15013510.737100001,5405.72618509375,1260.34692678125
1665187200,15124982.6804,317436.2455,966158.016,3260238.1832,251039.9007,118412.6317,586762.1281,20625029.785600003,5037.284687862499,1332.5113213875002
1665100800,15154483.4326,360985.0257,2930021.0006,2626921.8145,246835.7877,1768725.6447,7077279.0207,30165251.726500005,7557.600807000001,2729.084213
1665014400,16343620.684,288458.2533,825293.2999,4932444.6242,229225.4976,228093.7665,618643.6738,23465779.7993,6529.0839644375,1798.8923643125
1664928000,11426318.9366,1172830.6182,754453.8191,2250062.152,250510.3627,473622.1892,940916.3419,17268714.4197,12011.154027887502,5339.595357862501
1664841600,16766798.3691,340112.7005,1070883.0463,2951765.4899,239886.8759,165243.7308,1436645.3089,22971335.5214,10632.5544426,2925.1081134
1664755200,31359940.1132,654960.9832,941274.167,1890549.4221,90891.7613,280820.3039,349929.9071,35568366.6578,6435.897065593748,1515.77957628125
1664668800,21723295.4524,249812.4228,856690.6092,1363657.4359,79236.2762,237781.3473,1045175.0552,25555648.599,8055.3167810375,1971.2550437124999
1664582400,7446094.1649,278885.2069,538840.0268,907204.0375,169162.8733,257971.8241,742979.5706,10341137.7041,6844.9702071374995,1539.2021836124998
1664496000,15632690.6155,1617924.2942,856189.8524,2074225.5667,117897.5242,1400580.9889,737473.6852,22436982.527099997,6474.949709893749,3446.82748998125
1664409600,21978355.6647,1660370.7251,966255.6338,2753887.7028,105915.5682,245791.4601,747155.2038,28457731.9585,9822.201538299998,2215.7668597
1664323200,24205570.1388,900028.6216,794516.424,2612925.2141,124803.7873,575639.1505,2992757.3429,32206240.679199997,10620.613629000001,3731.770311
1664236800,15076841.8967,394793.6451,860896.7812,2695550.8585,98404.86,554947.9935,1610832.7851,21292268.820100002,7917.175071993751,2669.0183538812494
1664150400,18586745.2278,942358.2553,985627.6635,1529514.7668,173934.4012,581496.446,1133511.7099,23933188.4705,6947.336006524999,1970.709759975
1664064000,19317943.9318,282570.5832,664963.233,1395907.2027,152157.3376,123316.4577,941289.8716,22878148.617599998,12487.103676243749,2682.97445463125
1663977600,7640671.7614,398311.7951,895005.083,913675.0539,105085.4968,119024.7566,591520.7797,10663294.726499999,7699.760466875001,1666.620670625
1663891200,17501564.8225,282510.8782,791519.6332,2979189.9114,319304.213,313958.4749,1631043.5061,23819091.4393,6575.751168381249,2119.70245324375
1663804800,27471935.4264,624765.6749,696510.698,1979813.8433,823970.6505,253181.8938,2147135.2301,33997313.416999996,8268.5769377,3113.7091243
1663718400,29662699.6216,805736.6865,885736.2601,4005785.1033,539039.8233,272190.4689,3575148.3102,39746336.273899995,11716.316244,5724.784096
1663632000,25612329.8771,595924.7355,651113.1231,1875974.2243,251005.8402,222104.0656,1413684.3234,30622136.1892,5827.08117444375,2242.4280484312503
1663545600,25145210.9316,601996.8487,766633.2167,4298728.74,148632.4568,260318.8456,2867041.5211,34088562.560499996,14095.180376524999,4412.2303899749995
1663459200,24286008.3217,211285.4761,1912043.1609,2110665.36,212487.8231,288676.0474,3702305.0465,32723471.235700004,10127.37100679375,3333.45900708125
1663372800,11666739.6112,194292.4619,698273.2476,1697321.8138,116314.7085,639803.5706,606039.5637,15618784.977299998,9543.794669868748,2254.28045350625
1663286400,33812709.3237,541587.4093,850478.7603,4415138.9239,179045.2431,315072.3048,4503734.8467,44617766.8118,11204.768158756251,3402.9820103687503
1663200000,37466991.0162,1020935.2953,1235861.4849,4721268.7169,494065.3147,442304.1687,6077053.6035,51458479.6002,18554.233258987497,6679.810892762499
1663113600,21529594.4892,609253.3893,898361.7495,3853653.4812,423141.6791,357715.5142,2577433.9858,30249154.288299993,9303.19687520625,3991.68993091875
1663027200,31842666.6809,893778.5871,1628856.9143,6217034.7949,434087.9672,772952.2515,3830533.839,45619911.03490001,11215.53235526875,4891.38269210625
1662940800,22391064.0828,1059071.157,1067138.1275,3694046.8799,188110.3742,1134724.8056,2174500.491,31708655.918000005,18011.557858181248,4136.33075144375
1662854400,10278426.8001,188114.3076,585772.9248,2011631.905,125717.366,270845.0935,1070080.8736,14530589.2706,16584.23894308125,4692.162560543749
1662768000,11929040.9983,344539.3625,1162326.4999,2518645.9933,271491.1537,337428.2733,2104483.7181,18667955.9991,15770.980159899998,3429.2431340999997
1662681600,25626259.1345,506980.2477,2019330.2115,3623631.6201,435766.5349,1009379.3184,6079158.8931,39300505.9602,9586.458084443748,3760.1353384312497
1662595200,21490387.8297,334731.1787,7086928.842,3762316.9606,270748.2307,338219.1321,1535446.0106,34818778.1844,34612.0741849,7547.1572091
1662508800,36955405.4268,707376.1952,1071679.6418,3922903.8131,845386.7768,749154.1976,1803139.576,46055045.627299994,10106.715563218748,6858.16361115625
1662422400,26059557.6395,2351871.4403,1420919.353,4926939.4733,388959.4758,428782.6977,8050489.4393,43627519.5189,11232.02705995625,5480.89398116875
1662336000,17506471.2737,453348.9508,1772104.7225,2224569.4615,896603.7225,214632.585,1845516.6282,24913247.3442,7891.070566687499,1783.3638470625
1662249600,9596341.5889,128923.8917,448524.231,1262039.6601,126043.8171,83887.8539,251664.3344,11897425.3771,5148.297269956251,1671.59627116875
1662163200,9307108.0563,51078.7549,974860.0682,2008983.1368,185225.2665,207085.9978,361374.8713,13095716.1518,8512.73819718125,2179.8916524437495
1662076800,27959546.3499,1018720.5736,806777.5067,2581622.1112,345409.6086,253188.9346,4260462.3012,37225727.385800004,7157.9879405374995,2937.3300542124994
1661990400,26382007.7783,1156125.2881,664629.0118,3573290.1204,417249.0796,396466.2191,1392991.6995,33982759.19679999,7633.927748293751,2428.75165558125
1661904000,16879511.9736,94784.7087,679353.4116,2336419.8278,365114.8799,1037791.1354,1047353.979,22440329.916,20056.102703081247,4963.4627005437505
1661817600,23178150.0406,660788.6285,883028.9061,3874191.1754,394294.2116,1121051.0907,1806507.6946,31918011.747500002,10491.394257375,7274.235510125
1661731200,29020839.1017,96206.8896,624013.5881,5148444.437,395799.0509,589301.6165,3407902.0661,39282506.7499,8226.643391624999,3703.537480875
1661644800,17532773.6936,125977.7562,776665.2012,2175592.6612,359391.4125,378780.5736,2289313.1224,23638494.420700006,6786.42826645,2652.8490705500003
1661558400,13871649.6246,328827.8,1027679.7507,3666211.7192,265259.8861,425639.8051,4575111.8794,24160380.465100005,10124.4617684375,3797.9001003124995
1661472000,32598979.2035,95955.3647,992237.7172,5176192.8971,750274.4049,296730.5178,3899645.3229,43810015.428100005,8956.130600212502,5316.413100037499
1661385600,18123621.8508,192113.5546,552197.3644,2684567.8463,266798.9134,225843.9362,1094142.5178,23139285.9835,9516.1463826375,3568.3049381125006
1661299200,9340111.2439,276026.5847,885317.3456,4915078.0109,256485.6879,858538.7253,1959423.4657,18490981.064,4951.1543426812505,1804.71223694375
1661212800,20423649.3053,229281.6182,1402706.8461,3088321.2213,739566.9336,738373.8258,1767802.2052,28389701.955500003,11854.532217093749,3997.090114781249
1661126400,13755470.4728,116172.3819,1072302.0557,3666569.0286,619786.475,359324.5372,1978151.0575,21567776.008700002,12061.4743419125,3339.7718603374997
1661040000,19228285.1602,122192.756,668397.6793,2230597.5543,965499.2987,99289.8846,1801217.8754,25115480.208499998,10312.237499756253,3204.1063293687494
1660953600,15031366.1408,259959.4233,916607.8477,3261358.6154,447082.5623,203740.2309,1674459.7456,21794574.566,9275.0840422625,2625.5795309875
1660867200,37900986.7252,2241047.5007,1472695.6668,5550659.6282,789895.123,460028.8738,10028392.3585,58443705.876200005,21416.6497912625,8619.639121987499
1660780800,13393568.2373,302454.2235,1526464.7092,1954591.4729,456138.7527,52917.813,2220245.8778,19906381.086400002,14395.2229399375,3531.6997188124997
1660694400,31712711.1094,117664.3977,1690469.0395,3837074.8041,302277.0747,929137.3177,6063784.5921,44653118.3352,18254.780650668745,6910.17852070625
1660608000,23518574.8453,150361.7491,1280411.345,2853513.2634,122983.4287,1394002.9796,6282188.8536,35602036.4647,10879.8178029875,6403.4157887625
1660521600,16179834.7764,37410.4218,868154.3644,4379546.9764,159641.2918,793308.4316,2177768.2576,24595664.520000003,20541.018999724998,6005.857658775001
1660435200,15742389.467,374239.3377,1255168.5735,4042135.094,314868.3398,176855.5364,2214890.9351,24120547.283500005,20532.880939243754,5317.71007163125
1660348800,27946806.7825,49426.1448,1559738.1517,5744616.6117,163572.6926,314962.0981,2453523.1254,38232645.6068,11140.9427688125,6199.888547437501
1660262400,22923577.8117,66521.905,1049803.4723,3696625.5964,353827.7115,523620.2544,3287498.0906,31901474.841900002,14450.281946143752,4777.689478731251
1660176000,78272595.4557,16.5681,1314453.6583,5191393.2142,313754.1597,821731.3533,2733343.4381,88647287.84740001,19957.1444263375,7278.2478164125
1660089600,31250397.9048,99.9532,1823826.2609,9185153.1309,316786.3467,824560.9484,6069802.4423,49470626.98719999,16001.951578162501,8738.9118490875
1660003200,31037790.9306,1392733.3038,3455642.8798,209769.3025,859072.0717,3674161.8393,40629170.327700004,11128.9751118125,11761.963884437499
1659916800,19312953.4342,1824616.7896,4404786.2305,265534.2065,980046.3609,6060526.6173,32848463.639000002,14752.11925195625,4641.44640916875
1659830400,5947676.6094,864455.0961,1725198.9953,262186.0241,152821.0105,4402788.121,13355125.856400002,5724.13335398125,1763.85990364375
1659744000,8134578.7299,667566.2616,1838382.6875,76175.1826,174453.9551,1686950.1516,12578106.9683,8657.6752811875,2902.7598025625
1659657600,14159355.8677,295.6316,1681215.5325,3201739.318,900166.5403,433879.7826,5593841.7729,25970494.4456,13212.81603888125,6812.97021274375
1659571200,17772255.537,2304732.8312,2683049.71,256587.0536,912824.5618,5958119.5556,29887569.249199998,7739.463679587499,2833.8998081625
1659484800,14532838.2588,1365823.1762,3659672.6498,154591.7042,168717.9829,3035781.9102,22917425.6821,8365.378614125,3336.578708375
1659398400,11623578.499,914407.1279,4006567.6024,233371.4045,1334863.5831,4803641.2964,22916429.513299998,8348.673023962501,3936.4812512875
1659312000,11470405.2038,1726063.1922,4171233.8486,136459.3048,213475.0973,1849393.118,19567029.7647,12114.69965250625,2810.4329916187494
1659225600,16205773.2354,826370.3997,2064621.7947,173760.7334,123393.6103,2926439.0335,22320358.807,11832.282794350001,3434.9565166499992
1659139200,9103571.9459,1121117.2706,3728071.7558,496159.4353,190990.3133,2319705.6608,16959616.3817,9138.0656702125,3399.4904300375
1659052800,17768932.3228,1055128.7517,5738603.7708,769316.304,284261.1726,3690318.4054,29306560.7273,31087.557376625,8676.475995875002
1658966400,36408515.9778,1080148.1556,6213632.0794,266565.2542,377230.2255,4683178.6191,49029270.31159999,19565.699833824998,10687.338170675
1658880000,26528513.6429,952392.033,4770214.3993,252483.8503,425372.2914,4159082.1463,37088058.3632,7476.636309050001,7020.77828395
1658793600,14164031.6772,900045.3988,2714639.3595,148769.7654,858143.6562,16101839.4473,34887469.3044,7862.6719673,3209.4489707000002
1658707200,23944467.898,635910.2934,3278880.2474,281813.9582,440481.849,6645818.554,35227372.8,10219.4040199375,4748.1394388125
1658620800,7006749.8364,15.9529,719921.5398,2842525.1702,179788.8406,1409127.0533,1724267.522,13882395.915200002,5639.24574194375,3047.00783093125
1658534400,13024442.3676,527919.1618,3110600.4004,265258.7275,152165.3543,1441919.8331,18522305.844699997,5070.642247956249,1758.05917316875
1658448000,20930570.8823,723719.7298,4069770.8857,425601.5749,255408.0716,4659014.7838,31064085.928100005,7459.312062343751,3239.9456345312497
1658361600,25686270.1879,793701.155,3049273.9128,333169.6543,223211.1746,3254882.0048,33340508.0894,13593.184806931251,5587.06547769375
1658275200,24695194.7734,39.898,962740.0033,4866288.1261,285906.7263,189803.6435,5623457.9342,36623431.1048,10748.641231875,5425.059505625
1658188800,20738866.025,888739.0679,4092117.8776,265152.5145,74969.3443,4681031.0414,30740875.870699994,25210.173024581254,8845.68186904375
1658102400,31335464.4928,1248459.7161,5303995.4192,232728.7384,510776.7002,4904965.3917,43536390.458399996,18385.65431196875,10972.67653740625
1658016000,21861279.2125,966768.3122,1936322.6194,167749.0205,127628.3098,1645473.5078,26705220.982199997,5849.9648501374995,4822.5764206125
1657929600,16058191.4,1180961.0389,1817179.2237,202683.7774,119552.1248,2685301.7407,22063869.3055,6727.99709260625,3129.2079575187504
1657843200,15554756.2179,807299.3896,2038577.6982,177566.0807,39136.2159,4466570.5685,23083906.1708,8614.91833966875,3506.2287717062504
1657756800,14679932.1485,729929.8484,3388212.1736,456260.5499,198979.4869,2921513.0364,22374827.2437,11367.418403112499,4160.0079711375
1657670400,21074046.1905,790994.8472,2699589.2372,139213.8673,23788.2607,2946629.7532,27674262.156099997,8857.058572393751,4164.68647748125
1657584000,11230793.9775,2332986.6675,3215432.3567,128561.5961,17651.3155,6009320.7291,22934746.642399997,10102.8819460125,3480.6445022375005
1657497600,9691655.4473,494927.4678,2954301.0087,374607.8502,37.1718,7140322.0945,20655851.0403,6406.702471006251,2224.3860831187503
1657411200,9833123.8619,568953.4244,1804803.4914,171115.8643,3331675.3234,15709671.9654,6098.733741737499,1553.0503250125
1657324800,8607646.4057,953091.5768,1976785.9455,144541.2639,1306986.988,12989052.1799,4065.565774875,1470.8891426250002
1657238400,10337480.0379,626032.6075,4973986.2721,205901.9298,2534698.8945,18678099.7418,475131.1036465563,3635.2649905687504
1657152000,14357603.9776,815220.5477,4694390.7683,257583.3451,5208163.1806,25332961.8193,7791.207019212499,2512.2152210374998
1657065600,25800424.0533,942185.9006,3537276.0865,392207.6412,10494906.1083,41166999.789900005,5569.74004101875,3870.8982013562504
1656979200,17983626.8652,483037.2295,3855859.6748,216611.7337,2846817.3518,25385952.855,11173.4039982625,4041.6170349874997
1656892800,12992910.0373,489876.901,2482042.3056,103491.9832,3014408.3157,19082729.5428,6390.118036275,1944.194165225
1656806400,6059338.3736,559497.344,1599557.5493,65568.7203,5327335.692,13611297.6792,6196.323408068749,1645.30580730625
1656720000,8780063.6236,528521.0905,1697828.1703,60646.1463,2749454.3992,13816513.4299,9068.66525303125,2124.12809759375
1656633600,12527566.5106,723795.6911,3315349.7491,140259.5297,5502920.1104,22209891.5909,7615.644782224999,3348.212826275
1656547200,41126209.002,1685308.6635,4042047.5216,263903.862,6627774.6281,53745243.677200004,17050.19953791875,5479.884618456249
1656460800,20733059.0203,1692389.2677,3981683.3978,360367.1275,3010352.7378,29777851.5511,11889.7122122125,4883.0386080375
1656374400,40718976.9293,765273.1213,4383661.423,346924.8423,2048544.6477,48263380.963599995,12815.82291799375,4410.51916788125
1656288000,13344020.5958,695362.1944,3377964.3888,266343.9142,2526345.1424,20210036.2356,6271.3176384812505,2116.80518914375
1656201600,15135215.6648,894379.064,3483887.9883,196419.61,4326401.0081,24036303.335199997,5701.448340024999,6064.637036474999
1656115200,10080857.8421,546834.7337,2874257.637,210251.0063,3005516.056,16717717.2751,5472.903343456251,1814.31330766875
1656028800,14153102.2412,1633594.7818,4562512.7274,589570.3798,5795918.1426,26734698.2728,10377.18750769375,3906.94666018125
1655942400,9655671.8109,681748.0924,4138731.866,394591.4122,5379814.0896,20250557.2711,7739.953928925001,3494.2467815750006
1655856000,18143685.1259,504045.4594,3694910.6462,681260.3768,1821581.8297,24845483.438,6340.72354586875,3150.84563750625
1655769600,681057.1146,37735.9928,142263.645,14299.9852,72887.163,948243.9006,501.6904155375,156.6408792125